Company,Address,City,Tags,PlaceID
Verb Coffee Roasters,"2500 30th St STE 100, Boulder, CO 80301, USA",Boulder,"cafe, establishment, food, point_of_interest, store",ChIJXzKsvtvva4cRv0aEsIr96y8
The Laughing Goat,"1709 Pearl St, Boulder, CO 80302, USA",Boulder,"cafe, establishment, food, point_of_interest, store",ChIJN_-jnSnsa4cRDDn5vjGB7JU
January Coffee,"1886 30th St Suite B, Boulder, CO 80301, USA",Boulder,"cafe, establishment, food, point_of_interest, store",ChIJi_5hhZHta4cRUgw3OgEUv3Y
O.W.L Coffee Roasters,"2355 30th St, Boulder, CO 80301, USA",Boulder,"cafe, establishment, food, point_of_interest, store",ChIJsdcDulXva4cReMhGKCUCClU
Alpine Modern Café,"904 College Ave, Boulder, CO 80302, USA",Boulder,"cafe, establishment, food, point_of_interest, store",ChIJK6c3uDvsa4cR_pIvqecRZRU
Boxcar Coffee | Pearl Cafe and Bakery,"1825 Pearl St ste b, Boulder, CO 80302, USA",Boulder,"bakery, cafe, establishment, food, point_of_interest, store",ChIJX-Z3Mirsa4cR9WwdAf6suU0
Flatiron Coffee,"2721 Arapahoe Ave, Boulder, CO 80302, USA",Boulder,"cafe, establishment, food, point_of_interest, store",ChIJGfoqwNHta4cR2DfPsUxJjeo
Aviano Coffee Boulder,"1253 Pleasant St #105, Boulder, CO 80302, USA",Boulder,"cafe, establishment, food, point_of_interest, store",ChIJ29PSZOjta4cRb1M3SmmXaOw
GABEE COFFEE,"3040 28th St, Boulder, CO 80301, USA",Boulder,"cafe, establishment, food, point_of_interest, store",ChIJxT5Jl_Xva4cR6c_0-iZAc3U
Boxcar Coffee | Mesa Cafe,"637 S Broadway r, Boulder, CO 80305, USA",Boulder,"cafe, establishment, food, point_of_interest, store",ChIJLZ1Blt3ta4cRqV-WyuxVs68
Ruzo Coffee,"3980 Broadway #104, Boulder, CO 80304, USA",Boulder,"cafe, establishment, food, point_of_interest, store",ChIJ0bHmlZXva4cRDRWAk8ksY_k
Süti & Co.,"2031 16th St, Boulder, CO 80302, USA",Boulder,"cafe, establishment, food, point_of_interest, store",ChIJWZKOYtLta4cRGzqs-LcW2jA
OZO Coffee | West Pearl,"1015 Pearl St, Boulder, CO 80302, USA",Boulder,"cafe, establishment, food, point_of_interest, store",ChIJhSE25ibsa4cREVN1cLEOh14
Cassiopeia: Cafe,"3401 Bluff St Suite 125A, Boulder, CO 80301, USA",Boulder,"cafe, establishment, food, point_of_interest, restaurant, store",ChIJLwZypBbva4cRDeDTDDYGX_g
Myco Cafe,"1201 Arapahoe Ave, Boulder, CO 80302, USA",Boulder,"cafe, establishment, food, point_of_interest, store",ChIJ7ce6Ipzta4cRQTTJ6p6bE6o
OZO Coffee | Arapahoe,"5340 Arapahoe Ave, Boulder, CO 80303, USA",Boulder,"cafe, establishment, food, point_of_interest, store",ChIJqwVpoPHta4cRLaFmWFThxFo
Ampersand Coffee Roasters,"6560 Odell Pl c, Boulder, CO 80301, USA",Boulder,"cafe, establishment, food, point_of_interest, store",ChIJ72k4kTTwa4cRU7l9wvM9_Ac
Creature Comforts Cafe,"1647 Pearl St Unit 2, Boulder, CO 80302, USA",Boulder,"bar, cafe, establishment, food, point_of_interest, store",ChIJiTgxMG7ta4cRS75WiMwPRhg
The Coffee Stand,"1201 Arapahoe Ave, Boulder, CO 80302, USA",Boulder,"cafe, establishment, food, point_of_interest, store",ChIJT6MpjyXsa4cRcJujiiifyQo
Baby Goat,"2907 55th St, Boulder, CO 80301, USA",Boulder,"cafe, establishment, food, point_of_interest, store",ChIJX3JO-P3ta4cR7tjn7L-FOY0
